{"cameraMode":{"drawMode":0,"name":"Shaded","section":"Shading Mode"},"sceneLighting":true,"audioPlay":false,"sceneViewState":{"m_AlwaysRefresh":false,"showFog":true,"showSkybox":true,"showFlares":true,"showImageEffects":true,"showParticleSystems":true,"showVisualEffectGraphs":true,"m_FxEnabled":true},"in2DMode":false,"pivot":{"x":927.034423828125,"y":415.0426330566406,"z":4.58135986328125},"rotation":{"x":0.02130400761961937,"y":0.012289694510400296,"z":-0.0006742128171026707,"w":0.9998182654380798},"size":316.8482360839844,"orthographic":false}