{"cameraMode":{"drawMode":0,"name":"Shaded","section":"Shading Mode"},"sceneLighting":true,"audioPlay":false,"sceneViewState":{"m_AlwaysRefresh":false,"showFog":true,"showSkybox":true,"showFlares":true,"showImageEffects":true,"showParticleSystems":true,"showVisualEffectGraphs":true,"m_FxEnabled":true},"in2DMode":false,"pivot":{"x":-1.747110366821289,"y":50.200645446777347,"z":-45.828392028808597},"rotation":{"x":-0.26729074120521548,"y":-0.09061968326568604,"z":0.025288458913564683,"w":-0.9590469002723694},"size":64.37367248535156,"orthographic":false}