{"cameraMode":{"drawMode":0,"name":"Shaded","section":"Shading Mode"},"sceneLighting":true,"audioPlay":false,"sceneViewState":{"m_AlwaysRefresh":false,"showFog":true,"showSkybox":true,"showFlares":true,"showImageEffects":true,"showParticleSystems":true,"showVisualEffectGraphs":true,"m_FxEnabled":true},"in2DMode":false,"pivot":{"x":573.0345458984375,"y":329.02972412109377,"z":111.02324676513672},"rotation":{"x":0.0482315719127655,"y":-0.06111766770482063,"z":0.0025423644110560419,"w":0.9970822930335999},"size":606.4029541015625,"orthographic":false}