{"cameraMode":{"drawMode":0,"name":"Shaded","section":"Shading Mode"},"sceneLighting":true,"audioPlay":false,"sceneViewState":{"m_AlwaysRefresh":false,"showFog":true,"showSkybox":true,"showFlares":true,"showImageEffects":true,"showParticleSystems":true,"showVisualEffectGraphs":true,"m_FxEnabled":true},"in2DMode":false,"pivot":{"x":3.9657764434814455,"y":92.82039642333985,"z":-131.94190979003907},"rotation":{"x":0.3240959048271179,"y":-0.038026437163352969,"z":0.012982175685465336,"w":0.945233166217804},"size":0.5290475487709045,"orthographic":false}