{"cameraMode":{"drawMode":0,"name":"Shaded","section":"Shading Mode"},"sceneLighting":false,"audioPlay":false,"sceneViewState":{"m_AlwaysRefresh":false,"showFog":true,"showSkybox":false,"showFlares":true,"showImageEffects":true,"showParticleSystems":true,"showVisualEffectGraphs":true,"m_FxEnabled":true},"in2DMode":false,"pivot":{"x":-2.418052911758423,"y":-2.8219757080078127,"z":-0.1922454833984375},"rotation":{"x":0.031810782849788669,"y":-0.013207852840423584,"z":0.000008903084562916774,"w":0.999526858329773},"size":108.37789154052735,"orthographic":false}